{
    "metrics": {
        "vus": {
            "max": 2,
            "value": 2,
            "min": 2
        },
        "http_req_duration{expected_response:true}": {
            "avg": 1325.89166129,
            "min": 1223.908908,
            "med": 1308.230391,
            "max": 1594.778306,
            "p(90)": 1416.6386499,
            "p(95)": 1473.8237433
        },
        "iterations": {
            "count": 100,
            "rate": 0.8582244752838797
        },
        "http_req_tls_handshaking": {
            "max": 0,
            "p(90)": 0,
            "p(95)": 0,
            "avg": 0,
            "min": 0,
            "med": 0
        },
        "http_req_receiving": {
            "min": 0.045958,
            "med": 0.07633899999999999,
            "max": 0.182242,
            "p(90)": 0.1159593,
            "p(95)": 0.13506885000000002,
            "avg": 0.08189418999999999
        },
        "http_req_sending": {
            "avg": 0.025177530000000004,
            "min": 0.013695,
            "med": 0.0209085,
            "max": 0.101932,
            "p(90)": 0.03904130000000001,
            "p(95)": 0.04820499999999999
        },
        "http_req_waiting": {
            "min": 1223.812417,
            "med": 1308.1257085,
            "max": 1594.702035,
            "p(90)": 1416.5504448,
            "p(95)": 1473.73004255,
            "avg": 1325.7845895700004
        },
        "checks": {
            "passes": 100,
            "fails": 0,
            "value": 1
        },
        "vus_max": {
            "value": 2,
            "min": 2,
            "max": 2
        },
        "http_req_duration": {
            "p(90)": 1416.6386499,
            "p(95)": 1473.8237433,
            "avg": 1325.89166129,
            "min": 1223.908908,
            "med": 1308.230391,
            "max": 1594.778306
        },
        "http_req_blocked": {
            "p(95)": 0.019867199999999995,
            "avg": 0.008347050000000002,
            "min": 0.003416,
            "med": 0.004821,
            "max": 0.133087,
            "p(90)": 0.009127400000000006
        },
        "data_sent": {
            "count": 162200,
            "rate": 1392.0400989104528
        },
        "http_req_failed": {
            "passes": 0,
            "fails": 100,
            "value": 0
        },
        "http_reqs": {
            "count": 100,
            "rate": 0.8582244752838797
        },
        "http_req_connecting": {
            "p(90)": 0,
            "p(95)": 0,
            "avg": 0.00145481,
            "min": 0,
            "med": 0,
            "max": 0.079082
        },
        "iteration_duration": {
            "med": 2309.0242584999996,
            "max": 2595.716491,
            "p(90)": 2417.1628124,
            "p(95)": 2474.3664698,
            "avg": 2326.71875358,
            "min": 2224.778464
        },
        "data_received": {
            "count": 4909500,
            "rate": 42134.530614062074
        }
    },
    "root_group": {
        "name": "",
        "path": "",
        "id": "d41d8cd98f00b204e9800998ecf8427e",
        "groups": {},
        "checks": {
                "status is 200": {
                    "id": "6210a8cd14cd70477eba5c5e4cb3fb5f",
                    "passes": 100,
                    "fails": 0,
                    "name": "status is 200",
                    "path": "::status is 200"
                }
            }
    }
}