{
    "root_group": {
        "name": "",
        "path": "",
        "id": "d41d8cd98f00b204e9800998ecf8427e",
        "groups": {},
        "checks": {
                "status is 200": {
                    "fails": 0,
                    "name": "status is 200",
                    "path": "::status is 200",
                    "id": "6210a8cd14cd70477eba5c5e4cb3fb5f",
                    "passes": 100
                }
            }
    },
    "metrics": {
        "http_req_failed": {
            "passes": 0,
            "fails": 100,
            "value": 0
        },
        "http_req_sending": {
            "p(95)": 0.041581899999999984,
            "avg": 0.024542989999999994,
            "min": 0.01296,
            "med": 0.0217155,
            "max": 0.081627,
            "p(90)": 0.036755800000000005
        },
        "checks": {
            "passes": 100,
            "fails": 0,
            "value": 1
        },
        "data_sent": {
            "count": 162200,
            "rate": 738.5330769175425
        },
        "http_req_connecting": {
            "avg": 0.00071151,
            "min": 0,
            "med": 0,
            "max": 0.071151,
            "p(90)": 0,
            "p(95)": 0
        },
        "http_req_receiving": {
            "med": 0.063802,
            "max": 0.16211,
            "p(90)": 0.09857840000000001,
            "p(95)": 0.10830145,
            "avg": 0.07129759999999999,
            "min": 0.045799
        },
        "vus_max": {
            "value": 1,
            "min": 1,
            "max": 1
        },
        "http_req_tls_handshaking": {
            "min": 0,
            "med": 0,
            "max": 0,
            "p(90)": 0,
            "p(95)": 0,
            "avg": 0
        },
        "http_req_duration{expected_response:true}": {
            "avg": 1195.4782365999997,
            "min": 1103.804353,
            "med": 1184.3218465,
            "max": 1482.713461,
            "p(90)": 1257.643222,
            "p(95)": 1307.8834229
        },
        "http_req_duration": {
            "avg": 1195.4782365999997,
            "min": 1103.804353,
            "med": 1184.3218465,
            "max": 1482.713461,
            "p(90)": 1257.643222,
            "p(95)": 1307.8834229
        },
        "vus": {
            "max": 1,
            "value": 1,
            "min": 1
        },
        "iteration_duration": {
            "p(90)": 2258.082473,
            "p(95)": 2309.0302291499997,
            "avg": 2196.2184376000005,
            "min": 2104.697174,
            "med": 2185.1003725,
            "max": 2482.961478
        },
        "http_req_blocked": {
            "p(95)": 0.0076766499999999975,
            "avg": 0.006085650000000001,
            "min": 0.003389,
            "med": 0.0042425,
            "max": 0.131865,
            "p(90)": 0.006588600000000001
        },
        "http_req_waiting": {
            "med": 1184.248004,
            "max": 1482.616626,
            "p(90)": 1257.5650414,
            "p(95)": 1307.78127825,
            "avg": 1195.3823960100005,
            "min": 1103.738691
        },
        "data_received": {
            "rate": 22354.057590176788,
            "count": 4909500
        },
        "iterations": {
            "rate": 0.45532248885175247,
            "count": 100
        },
        "http_reqs": {
            "count": 100,
            "rate": 0.45532248885175247
        }
    }
}